{"stats":{"minecraft:custom":{"minecraft:jump":37,"minecraft:time_since_rest":186,"minecraft:leave_game":1,"minecraft:deaths":1,"minecraft:damage_dealt":76,"minecraft:crouch_one_cm":8,"minecraft:damage_taken":390,"minecraft:sprint_one_cm":3820,"minecraft:play_time":1575,"minecraft:walk_on_water_one_cm":136,"minecraft:time_since_death":153,"minecraft:walk_one_cm":3479,"minecraft:climb_one_cm":24,"minecraft:sneak_time":7,"minecraft:walk_under_water_one_cm":186,"minecraft:total_world_time":1575,"minecraft:swim_one_cm":2373,"minecraft:fall_one_cm":1045,"minecraft:fly_one_cm":8090},"minecraft:crafted":{"minecraft:jungle_planks":4},"minecraft:picked_up":{"minecraft:jungle_log":1},"minecraft:killed_by":{"minecraft:creeper":1},"minecraft:mined":{"minecraft:grass":2,"minecraft:jungle_log":1}},"DataVersion":3120}